frame,video,0,1,0,0.000000,0,0.000000,0,0.000000,20,0.033333,34500,14907,854,480,0,0,0,0,yuv420p,N/A,I,0,0,0,0,tv,bt709,bt709,bt709,left,H.26[45] User Data Unregistered SEI message
frame,video,0,0,20,0.033333,20,0.033333,20,0.033333,20,0.033333,53992,940,854,480,0,0,0,0,yuv420p,N/A,B,0,0,0,0,tv,bt709,bt709,bt709,left
frame,video,0,0,40,0.066667,40,0.066667,40,0.066667,20,0.033333,52373,1619,854,480,0,0,0,0,yuv420p,N/A,B,0,0,0,0,tv,bt709,bt709,bt709,left
frame,video,0,0,60,0.100000,60,0.100000,60,0.100000,20,0.033333,54932,828,854,480,0,0,0,0,yuv420p,N/A,B,0,0,0,0,tv,bt709,bt709,bt709,left
frame,video,0,0,80,0.133333,80,0.133333,80,0.133333,20,0.033333,49407,2966,854,480,0,0,0,0,yuv420p,N/A,P,0,0,0,0,tv,bt709,bt709,bt709,left
frame,video,0,0,100,0.166667,100,0.166667,100,0.166667,20,0.033333,65119,2271,854,480,0,0,0,0,yuv420p,N/A,B,0,0,0,0,tv,bt709,bt709,bt709,left
frame,video,0,0,120,0.200000,120,0.200000,120,0.200000,20,0.033333,63412,1707,854,480,0,0,0,0,yuv420p,N/A,B,0,0,0,0,tv,bt709,bt709,bt709,left
frame,video,0,0,140,0.233333,140,0.233333,140,0.233333,20,0.033333,67390,628,854,480,0,0,0,0,yuv420p,N/A,B,0,0,0,0,tv,bt709,bt709,bt709,left
frame,video,0,0,160,0.266667,160,0.266667,160,0.266667,20,0.033333,55760,7652,854,480,0,0,0,0,yuv420p,N/A,P,0,0,0,0,tv,bt709,bt709,bt709,left
frame,video,0,0,180,0.300000,180,0.300000,180,0.300000,20,0.033333,78145,1047,854,480,0,0,0,0,yuv420p,N/A,B,0,0,0,0,tv,bt709,bt709,bt709,left
frame,video,0,0,200,0.333333,200,0.333333,200,0.333333,20,0.033333,75428,2717,854,480,0,0,0,0,yuv420p,N/A,B,0,0,0,0,tv,bt709,bt709,bt709,left
frame,video,0,0,220,0.366667,220,0.366667,220,0.366667,20,0.033333,79192,1041,854,480,0,0,0,0,yuv420p,N/A,B,0,0,0,0,tv,bt709,bt709,bt709,left
frame,video,0,0,240,0.400000,240,0.400000,240,0.400000,20,0.033333,68018,7410,854,480,0,0,0,0,yuv420p,N/A,P,0,0,0,0,tv,bt709,bt709,bt709,left
frame,video,0,0,260,0.433333,260,0.433333,260,0.433333,20,0.033333,103375,559,854,480,0,0,0,0,yuv420p,N/A,B,0,0,0,0,tv,bt709,bt709,bt709,left
frame,video,0,0,280,0.466667,280,0.466667,280,0.466667,20,0.033333,91151,3190,854,480,0,0,0,0,yuv420p,N/A,B,0,0,0,0,tv,bt709,bt709,bt709,left
frame,video,0,0,300,0.500000,300,0.500000,300,0.500000,20,0.033333,103934,1162,854,480,0,0,0,0,yuv420p,N/A,B,0,0,0,0,tv,bt709,bt709,bt709,left
frame,video,0,0,320,0.533333,320,0.533333,320,0.533333,20,0.033333,80233,10918,854,480,0,0,0,0,yuv420p,N/A,P,0,0,0,0,tv,bt709,bt709,bt709,left
frame,video,0,0,340,0.566667,340,0.566667,340,0.566667,20,0.033333,128438,549,854,480,0,0,0,0,yuv420p,N/A,B,0,0,0,0,tv,bt709,bt709,bt709,left
frame,video,0,0,360,0.600000,360,0.600000,360,0.600000,20,0.033333,123941,4497,854,480,0,0,0,0,yuv420p,N/A,B,0,0,0,0,tv,bt709,bt709,bt709,left
frame,video,0,0,380,0.633333,380,0.633333,380,0.633333,20,0.033333,128987,1609,854,480,0,0,0,0,yuv420p,N/A,B,0,0,0,0,tv,bt709,bt709,bt709,left
frame,video,0,0,400,0.666667,400,0.666667,400,0.666667,20,0.033333,105096,18845,854,480,0,0,0,0,yuv420p,N/A,P,0,0,0,0,tv,bt709,bt709,bt709,left
frame,video,0,0,420,0.700000,420,0.700000,420,0.700000,20,0.033333,151498,2077,854,480,0,0,0,0,yuv420p,N/A,B,0,0,0,0,tv,bt709,bt709,bt709,left
frame,video,0,0,440,0.733333,440,0.733333,440,0.733333,20,0.033333,145066,6432,854,480,0,0,0,0,yuv420p,N/A,B,0,0,0,0,tv,bt709,bt709,bt709,left
frame,video,0,0,460,0.766667,460,0.766667,460,0.766667,20,0.033333,153575,362,854,480,0,0,0,0,yuv420p,N/A,B,0,0,0,0,tv,bt709,bt709,bt709,left
frame,video,0,0,480,0.800000,480,0.800000,480,0.800000,20,0.033333,130596,14470,854,480,0,0,0,0,yuv420p,N/A,P,0,0,0,0,tv,bt709,bt709,bt709,left
frame,video,0,0,500,0.833333,500,0.833333,500,0.833333,20,0.033333,194853,1596,854,480,0,0,0,0,yuv420p,N/A,B,0,0,0,0,tv,bt709,bt709,bt709,left
frame,video,0,0,520,0.866667,520,0.866667,520,0.866667,20,0.033333,190729,4124,854,480,0,0,0,0,yuv420p,N/A,B,0,0,0,0,tv,bt709,bt709,bt709,left
frame,video,0,0,540,0.900000,540,0.900000,540,0.900000,20,0.033333,196449,311,854,480,0,0,0,0,yuv420p,N/A,B,0,0,0,0,tv,bt709,bt709,bt709,left
frame,video,0,1,560,0.933333,560,0.933333,560,0.933333,20,0.033333,153937,36792,854,480,0,0,0,0,yuv420p,N/A,I,0,0,0,0,tv,bt709,bt709,bt709,left
frame,video,0,0,580,0.966667,580,0.966667,580,0.966667,20,0.033333,227364,1620,854,480,0,0,0,0,yuv420p,N/A,B,0,0,0,0,tv,bt709,bt709,bt709,left
frame,video,0,0,600,1.000000,600,1.000000,600,1.000000,20,0.033333,222315,5049,854,480,0,0,0,0,yuv420p,N/A,B,0,0,0,0,tv,bt709,bt709,bt709,left
frame,video,0,0,620,1.033333,620,1.033333,620,1.033333,20,0.033333,228984,2110,854,480,0,0,0,0,yuv420p,N/A,B,0,0,0,0,tv,bt709,bt709,bt709,left
frame,video,0,0,640,1.066667,640,1.066667,640,1.066667,20,0.033333,196760,16391,854,480,0,0,0,0,yuv420p,N/A,P,0,0,0,0,tv,bt709,bt709,bt709,left
frame,video,0,0,660,1.100000,660,1.100000,660,1.100000,20,0.033333,249384,582,854,480,0,0,0,0,yuv420p,N/A,B,0,0,0,0,tv,bt709,bt709,bt709,left
frame,video,0,0,680,1.133333,680,1.133333,680,1.133333,20,0.033333,243088,6296,854,480,0,0,0,0,yuv420p,N/A,B,0,0,0,0,tv,bt709,bt709,bt709,left
frame,video,0,0,700,1.166667,700,1.166667,700,1.166667,20,0.033333,249966,2133,854,480,0,0,0,0,yuv420p,N/A,B,0,0,0,0,tv,bt709,bt709,bt709,left
frame,video,0,0,720,1.200000,720,1.200000,720,1.200000,20,0.033333,231094,11994,854,480,0,0,0,0,yuv420p,N/A,P,0,0,0,0,tv,bt709,bt709,bt709,left
frame,video,0,0,740,1.233333,740,1.233333,740,1.233333,20,0.033333,269903,463,854,480,0,0,0,0,yuv420p,N/A,B,0,0,0,0,tv,bt709,bt709,bt709,left
frame,video,0,0,760,1.266667,760,1.266667,760,1.266667,20,0.033333,263208,6695,854,480,0,0,0,0,yuv420p,N/A,B,0,0,0,0,tv,bt709,bt709,bt709,left
frame,video,0,0,780,1.300000,780,1.300000,780,1.300000,20,0.033333,270366,2088,854,480,0,0,0,0,yuv420p,N/A,B,0,0,0,0,tv,bt709,bt709,bt709,left
frame,video,0,0,800,1.333333,800,1.333333,800,1.333333,20,0.033333,252099,11109,854,480,0,0,0,0,yuv420p,N/A,P,0,0,0,0,tv,bt709,bt709,bt709,left
frame,video,0,0,820,1.366667,820,1.366667,820,1.366667,20,0.033333,289440,2671,854,480,0,0,0,0,yuv420p,N/A,B,0,0,0,0,tv,bt709,bt709,bt709,left
frame,video,0,0,840,1.400000,840,1.400000,840,1.400000,20,0.033333,282943,6497,854,480,0,0,0,0,yuv420p,N/A,B,0,0,0,0,tv,bt709,bt709,bt709,left
frame,video,0,0,860,1.433333,860,1.433333,860,1.433333,20,0.033333,292111,426,854,480,0,0,0,0,yuv420p,N/A,B,0,0,0,0,tv,bt709,bt709,bt709,left
frame,video,0,0,880,1.466667,880,1.466667,880,1.466667,20,0.033333,272454,10489,854,480,0,0,0,0,yuv420p,N/A,P,0,0,0,0,tv,bt709,bt709,bt709,left
frame,video,0,0,900,1.500000,900,1.500000,900,1.500000,20,0.033333,324803,2257,854,480,0,0,0,0,yuv420p,N/A,B,0,0,0,0,tv,bt709,bt709,bt709,left
frame,video,0,0,920,1.533333,920,1.533333,920,1.533333,20,0.033333,317947,6856,854,480,0,0,0,0,yuv420p,N/A,B,0,0,0,0,tv,bt709,bt709,bt709,left
frame,video,0,0,940,1.566667,940,1.566667,940,1.566667,20,0.033333,327060,820,854,480,0,0,0,0,yuv420p,N/A,B,0,0,0,0,tv,bt709,bt709,bt709,left
frame,video,0,0,960,1.600000,960,1.600000,960,1.600000,20,0.033333,300527,17420,854,480,0,0,0,0,yuv420p,N/A,P,0,0,0,0,tv,bt709,bt709,bt709,left
frame,video,0,0,980,1.633333,980,1.633333,980,1.633333,20,0.033333,345833,2496,854,480,0,0,0,0,yuv420p,N/A,B,0,0,0,0,tv,bt709,bt709,bt709,left
frame,video,0,0,1000,1.666667,1000,1.666667,1000,1.666667,20,0.033333,338880,6953,854,480,0,0,0,0,yuv420p,N/A,B,0,0,0,0,tv,bt709,bt709,bt709,left
frame,video,0,0,1020,1.700000,1020,1.700000,1020,1.700000,20,0.033333,348329,2385,854,480,0,0,0,0,yuv420p,N/A,B,0,0,0,0,tv,bt709,bt709,bt709,left
frame,video,0,0,1040,1.733333,1040,1.733333,1040,1.733333,20,0.033333,327880,11000,854,480,0,0,0,0,yuv420p,N/A,P,0,0,0,0,tv,bt709,bt709,bt709,left
frame,video,0,0,1060,1.766667,1060,1.766667,1060,1.766667,20,0.033333,390524,470,854,480,0,0,0,0,yuv420p,N/A,B,0,0,0,0,tv,bt709,bt709,bt709,left
frame,video,0,0,1080,1.800000,1080,1.800000,1080,1.800000,20,0.033333,386359,4165,854,480,0,0,0,0,yuv420p,N/A,B,0,0,0,0,tv,bt709,bt709,bt709,left
frame,video,0,0,1100,1.833333,1100,1.833333,1100,1.833333,20,0.033333,390994,1508,854,480,0,0,0,0,yuv420p,N/A,B,0,0,0,0,tv,bt709,bt709,bt709,left
frame,video,0,1,1120,1.866667,1120,1.866667,1120,1.866667,20,0.033333,350714,35645,854,480,0,0,0,0,yuv420p,N/A,I,0,0,0,0,tv,bt709,bt709,bt709,left
frame,video,0,0,1140,1.900000,1140,1.900000,1140,1.900000,20,0.033333,403842,260,854,480,0,0,0,0,yuv420p,N/A,B,0,0,0,0,tv,bt709,bt709,bt709,left
frame,video,0,0,1160,1.933333,1160,1.933333,1160,1.933333,20,0.033333,400197,3645,854,480,0,0,0,0,yuv420p,N/A,B,0,0,0,0,tv,bt709,bt709,bt709,left
frame,video,0,0,1180,1.966667,1180,1.966667,1180,1.966667,20,0.033333,412260,1583,854,480,0,0,0,0,yuv420p,N/A,B,0,0,0,0,tv,bt709,bt709,bt709,left
frame,video,0,0,1200,2.000000,1200,2.000000,1200,2.000000,20,0.033333,392502,7695,854,480,0,0,0,0,yuv420p,N/A,P,0,0,0,0,tv,bt709,bt709,bt709,left
frame,video,0,0,1220,2.033333,1220,2.033333,1220,2.033333,20,0.033333,436965,1900,854,480,0,0,0,0,yuv420p,N/A,B,0,0,0,0,tv,bt709,bt709,bt709,left
frame,video,0,0,1240,2.066667,1240,2.066667,1240,2.066667,20,0.033333,431521,5444,854,480,0,0,0,0,yuv420p,N/A,B,0,0,0,0,tv,bt709,bt709,bt709,left
frame,video,0,0,1260,2.100000,1260,2.100000,1260,2.100000,20,0.033333,438865,334,854,480,0,0,0,0,yuv420p,N/A,B,0,0,0,0,tv,bt709,bt709,bt709,left
frame,video,0,0,1280,2.133333,1280,2.133333,1280,2.133333,20,0.033333,413843,17678,854,480,0,0,0,0,yuv420p,N/A,P,0,0,0,0,tv,bt709,bt709,bt709,left
frame,video,0,0,1300,2.166667,1300,2.166667,1300,2.166667,20,0.033333,450983,1359,854,480,0,0,0,0,yuv420p,N/A,B,0,0,0,0,tv,bt709,bt709,bt709,left
frame,video,0,0,1320,2.200000,1320,2.200000,1320,2.200000,20,0.033333,446946,4037,854,480,0,0,0,0,yuv420p,N/A,B,0,0,0,0,tv,bt709,bt709,bt709,left
frame,video,0,0,1340,2.233333,1340,2.233333,1340,2.233333,20,0.033333,452342,506,854,480,0,0,0,0,yuv420p,N/A,B,0,0,0,0,tv,bt709,bt709,bt709,left
frame,video,0,0,1360,2.266667,1360,2.266667,1360,2.266667,20,0.033333,439199,7747,854,480,0,0,0,0,yuv420p,N/A,P,0,0,0,0,tv,bt709,bt709,bt709,left
frame,video,0,0,1380,2.300000,1380,2.300000,1380,2.300000,20,0.033333,471258,1992,854,480,0,0,0,0,yuv420p,N/A,B,0,0,0,0,tv,bt709,bt709,bt709,left
frame,video,0,0,1400,2.333333,1400,2.333333,1400,2.333333,20,0.033333,466269,4989,854,480,0,0,0,0,yuv420p,N/A,B,0,0,0,0,tv,bt709,bt709,bt709,left
frame,video,0,0,1420,2.366667,1420,2.366667,1420,2.366667,20,0.033333,473250,1936,854,480,0,0,0,0,yuv420p,N/A,B,0,0,0,0,tv,bt709,bt709,bt709,left
frame,video,0,0,1440,2.400000,1440,2.400000,1440,2.400000,20,0.033333,452848,13421,854,480,0,0,0,0,yuv420p,N/A,P,0,0,0,0,tv,bt709,bt709,bt709,left
frame,video,0,0,1460,2.433333,1460,2.433333,1460,2.433333,20,0.033333,501864,676,854,480,0,0,0,0,yuv420p,N/A,B,0,0,0,0,tv,bt709,bt709,bt709,left
frame,video,0,0,1480,2.466667,1480,2.466667,1480,2.466667,20,0.033333,489467,4780,854,480,0,0,0,0,yuv420p,N/A,B,0,0,0,0,tv,bt709,bt709,bt709,left
frame,video,0,0,1500,2.500000,1500,2.500000,1500,2.500000,20,0.033333,502540,1697,854,480,0,0,0,0,yuv420p,N/A,B,0,0,0,0,tv,bt709,bt709,bt709,left
frame,video,0,0,1520,2.533333,1520,2.533333,1520,2.533333,20,0.033333,475186,14281,854,480,0,0,0,0,yuv420p,N/A,P,0,0,0,0,tv,bt709,bt709,bt709,left
frame,video,0,0,1540,2.566667,1540,2.566667,1540,2.566667,20,0.033333,534072,562,854,480,0,0,0,0,yuv420p,N/A,B,0,0,0,0,tv,bt709,bt709,bt709,left
frame,video,0,0,1560,2.600000,1560,2.600000,1560,2.600000,20,0.033333,529406,4666,854,480,0,0,0,0,yuv420p,N/A,B,0,0,0,0,tv,bt709,bt709,bt709,left
frame,video,0,0,1580,2.633333,1580,2.633333,1580,2.633333,20,0.033333,534634,1317,854,480,0,0,0,0,yuv420p,N/A,B,0,0,0,0,tv,bt709,bt709,bt709,left
frame,video,0,0,1600,2.666667,1600,2.666667,1600,2.666667,20,0.033333,504237,25169,854,480,0,0,0,0,yuv420p,N/A,P,0,0,0,0,tv,bt709,bt709,bt709,left
frame,video,0,0,1620,2.700000,1620,2.700000,1620,2.700000,20,0.033333,578929,825,854,480,0,0,0,0,yuv420p,N/A,B,0,0,0,0,tv,bt709,bt709,bt709,left
frame,video,0,0,1640,2.733333,1640,2.733333,1640,2.733333,20,0.033333,576774,2155,854,480,0,0,0,0,yuv420p,N/A,B,0,0,0,0,tv,bt709,bt709,bt709,left
frame,video,0,0,1660,2.766667,1660,2.766667,1660,2.766667,20,0.033333,579754,244,854,480,0,0,0,0,yuv420p,N/A,B,0,0,0,0,tv,bt709,bt709,bt709,left
frame,video,0,1,1680,2.800000,1680,2.800000,1680,2.800000,20,0.033333,535951,40823,854,480,0,0,0,0,yuv420p,N/A,I,0,0,0,0,tv,bt709,bt709,bt709,left
frame,video,0,0,1700,2.833333,1700,2.833333,1700,2.833333,20,0.033333,587635,986,854,480,0,0,0,0,yuv420p,N/A,B,0,0,0,0,tv,bt709,bt709,bt709,left
frame,video,0,0,1720,2.866667,1720,2.866667,1720,2.866667,20,0.033333,585497,2138,854,480,0,0,0,0,yuv420p,N/A,B,0,0,0,0,tv,bt709,bt709,bt709,left
frame,video,0,0,1740,2.900000,1740,2.900000,1740,2.900000,20,0.033333,588621,284,854,480,0,0,0,0,yuv420p,N/A,B,0,0,0,0,tv,bt709,bt709,bt709,left
frame,video,0,0,1760,2.933333,1760,2.933333,1760,2.933333,20,0.033333,579998,5499,854,480,0,0,0,0,yuv420p,N/A,P,0,0,0,0,tv,bt709,bt709,bt709,left
frame,video,0,0,1780,2.966667,1780,2.966667,1780,2.966667,20,0.033333,617460,1415,854,480,0,0,0,0,yuv420p,N/A,B,0,0,0,0,tv,bt709,bt709,bt709,left
frame,video,0,0,1800,3.000000,1800,3.000000,1800,3.000000,20,0.033333,613734,3726,854,480,0,0,0,0,yuv420p,N/A,B,0,0,0,0,tv,bt709,bt709,bt709,left
frame,video,0,0,1820,3.033333,1820,3.033333,1820,3.033333,20,0.033333,618875,1325,854,480,0,0,0,0,yuv420p,N/A,B,0,0,0,0,tv,bt709,bt709,bt709,left
frame,video,0,0,1840,3.066667,1840,3.066667,1840,3.066667,20,0.033333,588905,16324,854,480,0,0,0,0,yuv420p,N/A,P,0,0,0,0,tv,bt709,bt709,bt709,left
frame,video,0,0,1860,3.100000,1860,3.100000,1860,3.100000,20,0.033333,632696,536,854,480,0,0,0,0,yuv420p,N/A,B,0,0,0,0,tv,bt709,bt709,bt709,left
frame,video,0,0,1880,3.133333,1880,3.133333,1880,3.133333,20,0.033333,628869,3827,854,480,0,0,0,0,yuv420p,N/A,B,0,0,0,0,tv,bt709,bt709,bt709,left
frame,video,0,0,1900,3.166667,1900,3.166667,1900,3.166667,20,0.033333,633232,1019,854,480,0,0,0,0,yuv420p,N/A,B,0,0,0,0,tv,bt709,bt709,bt709,left
frame,video,0,0,1920,3.200000,1920,3.200000,1920,3.200000,20,0.033333,620200,8669,854,480,0,0,0,0,yuv420p,N/A,P,0,0,0,0,tv,bt709,bt709,bt709,left
frame,video,0,0,1940,3.233333,1940,3.233333,1940,3.233333,20,0.033333,643723,424,854,480,0,0,0,0,yuv420p,N/A,B,0,0,0,0,tv,bt709,bt709,bt709,left
frame,video,0,0,1960,3.266667,1960,3.266667,1960,3.266667,20,0.033333,641153,2570,854,480,0,0,0,0,yuv420p,N/A,B,0,0,0,0,tv,bt709,bt709,bt709,left
frame,video,0,0,1980,3.300000,1980,3.300000,1980,3.300000,20,0.033333,644147,1133,854,480,0,0,0,0,yuv420p,N/A,B,0,0,0,0,tv,bt709,bt709,bt709,left
frame,video,0,0,2000,3.333333,2000,3.333333,2000,3.333333,20,0.033333,634251,6902,854,480,0,0,0,0,yuv420p,N/A,P,0,0,0,0,tv,bt709,bt709,bt709,left
frame,video,0,0,2020,3.366667,2020,3.366667,2020,3.366667,20,0.033333,654477,1050,854,480,0,0,0,0,yuv420p,N/A,B,0,0,0,0,tv,bt709,bt709,bt709,left
frame,video,0,0,2040,3.400000,2040,3.400000,2040,3.400000,20,0.033333,651883,2594,854,480,0,0,0,0,yuv420p,N/A,B,0,0,0,0,tv,bt709,bt709,bt709,left
frame,video,0,0,2060,3.433333,2060,3.433333,2060,3.433333,20,0.033333,655527,488,854,480,0,0,0,0,yuv420p,N/A,B,0,0,0,0,tv,bt709,bt709,bt709,left
frame,video,0,0,2080,3.466667,2080,3.466667,2080,3.466667,20,0.033333,645280,6603,854,480,0,0,0,0,yuv420p,N/A,P,0,0,0,0,tv,bt709,bt709,bt709,left
frame,video,0,0,2100,3.500000,2100,3.500000,2100,3.500000,20,0.033333,686121,1439,854,480,0,0,0,0,yuv420p,N/A,B,0,0,0,0,tv,bt709,bt709,bt709,left
frame,video,0,0,2120,3.533333,2120,3.533333,2120,3.533333,20,0.033333,681548,4573,854,480,0,0,0,0,yuv420p,N/A,B,0,0,0,0,tv,bt709,bt709,bt709,left
frame,video,0,0,2140,3.566667,2140,3.566667,2140,3.566667,20,0.033333,687560,1113,854,480,0,0,0,0,yuv420p,N/A,B,0,0,0,0,tv,bt709,bt709,bt709,left
frame,video,0,0,2160,3.600000,2160,3.600000,2160,3.600000,20,0.033333,663059,18489,854,480,0,0,0,0,yuv420p,N/A,P,0,0,0,0,tv,bt709,bt709,bt709,left
frame,video,0,0,2180,3.633333,2180,3.633333,2180,3.633333,20,0.033333,732675,910,854,480,0,0,0,0,yuv420p,N/A,B,0,0,0,0,tv,bt709,bt709,bt709,left
frame,video,0,0,2200,3.666667,2200,3.666667,2200,3.666667,20,0.033333,730738,1937,854,480,0,0,0,0,yuv420p,N/A,B,0,0,0,0,tv,bt709,bt709,bt709,left
frame,video,0,0,2220,3.700000,2220,3.700000,2220,3.700000,20,0.033333,733585,941,854,480,0,0,0,0,yuv420p,N/A,B,0,0,0,0,tv,bt709,bt709,bt709,left
frame,video,0,1,2240,3.733333,2240,3.733333,2240,3.733333,20,0.033333,688673,42065,854,480,0,0,0,0,yuv420p,N/A,I,0,0,0,0,tv,bt709,bt709,bt709,left
frame,video,0,0,2260,3.766667,2260,3.766667,2260,3.766667,20,0.033333,741840,305,854,480,0,0,0,0,yuv420p,N/A,B,0,0,0,0,tv,bt709,bt709,bt709,left
frame,video,0,0,2280,3.800000,2280,3.800000,2280,3.800000,20,0.033333,739953,1887,854,480,0,0,0,0,yuv420p,N/A,B,0,0,0,0,tv,bt709,bt709,bt709,left
frame,video,0,0,2300,3.833333,2300,3.833333,2300,3.833333,20,0.033333,742145,1153,854,480,0,0,0,0,yuv420p,N/A,B,0,0,0,0,tv,bt709,bt709,bt709,left
frame,video,0,0,2320,3.866667,2320,3.866667,2320,3.866667,20,0.033333,734526,5427,854,480,0,0,0,0,yuv420p,N/A,P,0,0,0,0,tv,bt709,bt709,bt709,left
frame,video,0,0,2340,3.900000,2340,3.900000,2340,3.900000,20,0.033333,762599,487,854,480,0,0,0,0,yuv420p,N/A,B,0,0,0,0,tv,bt709,bt709,bt709,left
frame,video,0,0,2360,3.933333,2360,3.933333,2360,3.933333,20,0.033333,757745,4854,854,480,0,0,0,0,yuv420p,N/A,B,0,0,0,0,tv,bt709,bt709,bt709,left
frame,video,0,0,2380,3.966667,2380,3.966667,2380,3.966667,20,0.033333,769942,1640,854,480,0,0,0,0,yuv420p,N/A,B,0,0,0,0,tv,bt709,bt709,bt709,left
frame,video,0,0,2400,4.000000,2400,4.000000,2400,4.000000,20,0.033333,743298,14447,854,480,0,0,0,0,yuv420p,N/A,P,0,0,0,0,tv,bt709,bt709,bt709,left
frame,video,0,0,2420,4.033333,2420,4.033333,2420,4.033333,20,0.033333,794966,3332,854,480,0,0,0,0,yuv420p,N/A,B,0,0,0,0,tv,bt709,bt709,bt709,left
frame,video,0,0,2440,4.066667,2440,4.066667,2440,4.066667,20,0.033333,790458,4508,854,480,0,0,0,0,yuv420p,N/A,B,0,0,0,0,tv,bt709,bt709,bt709,left
frame,video,0,0,2460,4.100000,2460,4.100000,2460,4.100000,20,0.033333,798298,583,854,480,0,0,0,0,yuv420p,N/A,B,0,0,0,0,tv,bt709,bt709,bt709,left
frame,video,0,0,2480,4.133333,2480,4.133333,2480,4.133333,20,0.033333,771582,18876,854,480,0,0,0,0,yuv420p,N/A,P,0,0,0,0,tv,bt709,bt709,bt709,left
frame,video,0,0,2500,4.166667,2500,4.166667,2500,4.166667,20,0.033333,809030,1097,854,480,0,0,0,0,yuv420p,N/A,B,0,0,0,0,tv,bt709,bt709,bt709,left
frame,video,0,0,2520,4.200000,2520,4.200000,2520,4.200000,20,0.033333,805387,3643,854,480,0,0,0,0,yuv420p,N/A,B,0,0,0,0,tv,bt709,bt709,bt709,left
frame,video,0,0,2540,4.233333,2540,4.233333,2540,4.233333,20,0.033333,810127,573,854,480,0,0,0,0,yuv420p,N/A,B,0,0,0,0,tv,bt709,bt709,bt709,left
frame,video,0,0,2560,4.266667,2560,4.266667,2560,4.266667,20,0.033333,798881,6506,854,480,0,0,0,0,yuv420p,N/A,P,0,0,0,0,tv,bt709,bt709,bt709,left
frame,video,0,0,2580,4.300000,2580,4.300000,2580,4.300000,20,0.033333,819544,1114,854,480,0,0,0,0,yuv420p,N/A,B,0,0,0,0,tv,bt709,bt709,bt709,left
frame,video,0,0,2600,4.333333,2600,4.333333,2600,4.333333,20,0.033333,817042,2502,854,480,0,0,0,0,yuv420p,N/A,B,0,0,0,0,tv,bt709,bt709,bt709,left
frame,video,0,0,2620,4.366667,2620,4.366667,2620,4.366667,20,0.033333,820658,1609,854,480,0,0,0,0,yuv420p,N/A,B,0,0,0,0,tv,bt709,bt709,bt709,left
frame,video,0,0,2640,4.400000,2640,4.400000,2640,4.400000,20,0.033333,810700,6342,854,480,0,0,0,0,yuv420p,N/A,P,0,0,0,0,tv,bt709,bt709,bt709,left
frame,video,0,0,2660,4.433333,2660,4.433333,2660,4.433333,20,0.033333,850851,1232,854,480,0,0,0,0,yuv420p,N/A,B,0,0,0,0,tv,bt709,bt709,bt709,left
frame,video,0,0,2680,4.466667,2680,4.466667,2680,4.466667,20,0.033333,839278,4777,854,480,0,0,0,0,yuv420p,N/A,B,0,0,0,0,tv,bt709,bt709,bt709,left
frame,video,0,0,2700,4.500000,2700,4.500000,2700,4.500000,20,0.033333,852083,2073,854,480,0,0,0,0,yuv420p,N/A,B,0,0,0,0,tv,bt709,bt709,bt709,left
frame,video,0,0,2720,4.533333,2720,4.533333,2720,4.533333,20,0.033333,822267,17011,854,480,0,0,0,0,yuv420p,N/A,P,0,0,0,0,tv,bt709,bt709,bt709,left
frame,video,0,0,2740,4.566667,2740,4.566667,2740,4.566667,20,0.033333,910926,403,854,480,0,0,0,0,yuv420p,N/A,B,0,0,0,0,tv,bt709,bt709,bt709,left
frame,video,0,0,2760,4.600000,2760,4.600000,2760,4.600000,20,0.033333,908047,2879,854,480,0,0,0,0,yuv420p,N/A,B,0,0,0,0,tv,bt709,bt709,bt709,left
frame,video,0,0,2780,4.633333,2780,4.633333,2780,4.633333,20,0.033333,911329,1507,854,480,0,0,0,0,yuv420p,N/A,B,0,0,0,0,tv,bt709,bt709,bt709,left
frame,video,0,1,2800,4.666667,2800,4.666667,2800,4.666667,20,0.033333,854156,53891,854,480,0,0,0,0,yuv420p,N/A,I,0,0,0,0,tv,bt709,bt709,bt709,left
frame,video,0,0,2820,4.700000,2820,4.700000,2820,4.700000,20,0.033333,918000,969,854,480,0,0,0,0,yuv420p,N/A,B,0,0,0,0,tv,bt709,bt709,bt709,left
frame,video,0,0,2840,4.733333,2840,4.733333,2840,4.733333,20,0.033333,916247,1753,854,480,0,0,0,0,yuv420p,N/A,B,0,0,0,0,tv,bt709,bt709,bt709,left
frame,video,0,0,2860,4.766667,2860,4.766667,2860,4.766667,20,0.033333,918969,348,854,480,0,0,0,0,yuv420p,N/A,B,0,0,0,0,tv,bt709,bt709,bt709,left
frame,video,0,0,2880,4.800000,2880,4.800000,2880,4.800000,20,0.033333,912836,3411,854,480,0,0,0,0,yuv420p,N/A,P,0,0,0,0,tv,bt709,bt709,bt709,left
frame,video,0,0,2900,4.833333,2900,4.833333,2900,4.833333,20,0.033333,985002,1951,854,480,0,0,0,0,yuv420p,N/A,B,0,0,0,0,tv,bt709,bt709,bt709,left
frame,video,0,0,2920,4.866667,2920,4.866667,2920,4.866667,20,0.033333,981830,3172,854,480,0,0,0,0,yuv420p,N/A,B,0,0,0,0,tv,bt709,bt709,bt709,left
frame,video,0,0,2940,4.900000,2940,4.900000,2940,4.900000,20,0.033333,986953,364,854,480,0,0,0,0,yuv420p,N/A,B,0,0,0,0,tv,bt709,bt709,bt709,left
frame,video,0,0,2960,4.933333,2960,4.933333,2960,4.933333,20,0.033333,919317,62513,854,480,0,0,0,0,yuv420p,N/A,P,0,0,0,0,tv,bt709,bt709,bt709,left
frame,video,0,0,2980,4.966667,2980,4.966667,2980,4.966667,20,0.033333,1043548,970,854,480,0,0,0,0,yuv420p,N/A,B,0,0,0,0,tv,bt709,bt709,bt709,left
frame,video,0,0,3000,5.000000,3000,5.000000,3000,5.000000,20,0.033333,1039487,4061,854,480,0,0,0,0,yuv420p,N/A,B,0,0,0,0,tv,bt709,bt709,bt709,left
frame,video,0,0,3020,5.033333,3020,5.033333,3020,5.033333,20,0.033333,1044518,1175,854,480,0,0,0,0,yuv420p,N/A,B,0,0,0,0,tv,bt709,bt709,bt709,left
frame,video,0,0,3040,5.066667,3040,5.066667,3040,5.066667,20,0.033333,987317,44702,854,480,0,0,0,0,yuv420p,N/A,P,0,0,0,0,tv,bt709,bt709,bt709,left
frame,video,0,0,3060,5.100000,3060,5.100000,3060,5.100000,20,0.033333,1053182,270,854,480,0,0,0,0,yuv420p,N/A,B,0,0,0,0,tv,bt709,bt709,bt709,left
frame,video,0,0,3080,5.133333,3080,5.133333,3080,5.133333,20,0.033333,1050186,2996,854,480,0,0,0,0,yuv420p,N/A,B,0,0,0,0,tv,bt709,bt709,bt709,left
frame,video,0,0,3100,5.166667,3100,5.166667,3100,5.166667,20,0.033333,1053452,1162,854,480,0,0,0,0,yuv420p,N/A,B,0,0,0,0,tv,bt709,bt709,bt709,left
frame,video,0,0,3120,5.200000,3120,5.200000,3120,5.200000,20,0.033333,1045693,4493,854,480,0,0,0,0,yuv420p,N/A,P,0,0,0,0,tv,bt709,bt709,bt709,left
frame,video,0,0,3140,5.233333,3140,5.233333,3140,5.233333,20,0.033333,1068748,234,854,480,0,0,0,0,yuv420p,N/A,B,0,0,0,0,tv,bt709,bt709,bt709,left
frame,video,0,0,3160,5.266667,3160,5.266667,3160,5.266667,20,0.033333,1063188,5560,854,480,0,0,0,0,yuv420p,N/A,B,0,0,0,0,tv,bt709,bt709,bt709,left
frame,video,0,0,3180,5.300000,3180,5.300000,3180,5.300000,20,0.033333,1068982,996,854,480,0,0,0,0,yuv420p,N/A,B,0,0,0,0,tv,bt709,bt709,bt709,left
frame,video,0,0,3200,5.333333,3200,5.333333,3200,5.333333,20,0.033333,1054614,8574,854,480,0,0,0,0,yuv420p,N/A,P,0,0,0,0,tv,bt709,bt709,bt709,left
frame,video,0,0,3220,5.366667,3220,5.366667,3220,5.366667,20,0.033333,1091975,1544,854,480,0,0,0,0,yuv420p,N/A,B,0,0,0,0,tv,bt709,bt709,bt709,left
frame,video,0,0,3240,5.400000,3240,5.400000,3240,5.400000,20,0.033333,1084720,7255,854,480,0,0,0,0,yuv420p,N/A,B,0,0,0,0,tv,bt709,bt709,bt709,left
frame,video,0,0,3260,5.433333,3260,5.433333,3260,5.433333,20,0.033333,1093519,261,854,480,0,0,0,0,yuv420p,N/A,B,0,0,0,0,tv,bt709,bt709,bt709,left
frame,video,0,0,3280,5.466667,3280,5.466667,3280,5.466667,20,0.033333,1069978,14742,854,480,0,0,0,0,yuv420p,N/A,P,0,0,0,0,tv,bt709,bt709,bt709,left
frame,video,0,0,3300,5.500000,3300,5.500000,3300,5.500000,20,0.033333,1179491,1475,854,480,0,0,0,0,yuv420p,N/A,B,0,0,0,0,tv,bt709,bt709,bt709,left
frame,video,0,0,3320,5.533333,3320,5.533333,3320,5.533333,20,0.033333,1169277,10214,854,480,0,0,0,0,yuv420p,N/A,B,0,0,0,0,tv,bt709,bt709,bt709,left
frame,video,0,0,3340,5.566667,3340,5.566667,3340,5.566667,20,0.033333,1180966,179,854,480,0,0,0,0,yuv420p,N/A,B,0,0,0,0,tv,bt709,bt709,bt709,left
frame,video,0,1,3360,5.600000,3360,5.600000,3360,5.600000,20,0.033333,1100713,68564,854,480,0,0,0,0,yuv420p,N/A,I,0,0,0,0,tv,bt709,bt709,bt709,left
frame,video,0,0,3380,5.633333,3380,5.633333,3380,5.633333,20,0.033333,1197074,1258,854,480,0,0,0,0,yuv420p,N/A,B,0,0,0,0,tv,bt709,bt709,bt709,left
frame,video,0,0,3400,5.666667,3400,5.666667,3400,5.666667,20,0.033333,1192159,4915,854,480,0,0,0,0,yuv420p,N/A,B,0,0,0,0,tv,bt709,bt709,bt709,left
frame,video,0,0,3420,5.700000,3420,5.700000,3420,5.700000,20,0.033333,1198332,1747,854,480,0,0,0,0,yuv420p,N/A,B,0,0,0,0,tv,bt709,bt709,bt709,left
frame,video,0,0,3440,5.733333,3440,5.733333,3440,5.733333,20,0.033333,1181145,11014,854,480,0,0,0,0,yuv420p,N/A,P,0,0,0,0,tv,bt709,bt709,bt709,left
frame,video,0,0,3460,5.766667,3460,5.766667,3460,5.766667,20,0.033333,1226948,336,854,480,0,0,0,0,yuv420p,N/A,B,0,0,0,0,tv,bt709,bt709,bt709,left
frame,video,0,0,3480,5.800000,3480,5.800000,3480,5.800000,20,0.033333,1219592,7356,854,480,0,0,0,0,yuv420p,N/A,B,0,0,0,0,tv,bt709,bt709,bt709,left
frame,video,0,0,3500,5.833333,3500,5.833333,3500,5.833333,20,0.033333,1227284,2083,854,480,0,0,0,0,yuv420p,N/A,B,0,0,0,0,tv,bt709,bt709,bt709,left
frame,video,0,0,3520,5.866667,3520,5.866667,3520,5.866667,20,0.033333,1200079,19513,854,480,0,0,0,0,yuv420p,N/A,P,0,0,0,0,tv,bt709,bt709,bt709,left
frame,video,0,0,3540,5.900000,3540,5.900000,3540,5.900000,20,0.033333,1263813,304,854,480,0,0,0,0,yuv420p,N/A,B,0,0,0,0,tv,bt709,bt709,bt709,left
frame,video,0,0,3560,5.933333,3560,5.933333,3560,5.933333,20,0.033333,1257654,6159,854,480,0,0,0,0,yuv420p,N/A,B,0,0,0,0,tv,bt709,bt709,bt709,left
frame,video,0,0,3580,5.966667,3580,5.966667,3580,5.966667,20,0.033333,1273235,1679,854,480,0,0,0,0,yuv420p,N/A,B,0,0,0,0,tv,bt709,bt709,bt709,left
frame,video,0,0,3600,6.000000,3600,6.000000,3600,6.000000,20,0.033333,1229367,28287,854,480,0,0,0,0,yuv420p,N/A,P,0,0,0,0,tv,bt709,bt709,bt709,left
frame,video,0,0,3620,6.033333,3620,6.033333,3620,6.033333,20,0.033333,1317516,1789,854,480,0,0,0,0,yuv420p,N/A,B,0,0,0,0,tv,bt709,bt709,bt709,left
frame,video,0,0,3640,6.066667,3640,6.066667,3640,6.066667,20,0.033333,1311878,5638,854,480,0,0,0,0,yuv420p,N/A,B,0,0,0,0,tv,bt709,bt709,bt709,left
frame,video,0,0,3660,6.100000,3660,6.100000,3660,6.100000,20,0.033333,1319305,282,854,480,0,0,0,0,yuv420p,N/A,B,0,0,0,0,tv,bt709,bt709,bt709,left
frame,video,0,0,3680,6.133333,3680,6.133333,3680,6.133333,20,0.033333,1274914,36964,854,480,0,0,0,0,yuv420p,N/A,P,0,0,0,0,tv,bt709,bt709,bt709,left
frame,video,0,0,3700,6.166667,3700,6.166667,3700,6.166667,20,0.033333,1337305,1329,854,480,0,0,0,0,yuv420p,N/A,B,0,0,0,0,tv,bt709,bt709,bt709,left
frame,video,0,0,3720,6.200000,3720,6.200000,3720,6.200000,20,0.033333,1330088,7217,854,480,0,0,0,0,yuv420p,N/A,B,0,0,0,0,tv,bt709,bt709,bt709,left
frame,video,0,0,3740,6.233333,3740,6.233333,3740,6.233333,20,0.033333,1338634,456,854,480,0,0,0,0,yuv420p,N/A,B,0,0,0,0,tv,bt709,bt709,bt709,left
frame,video,0,0,3760,6.266667,3760,6.266667,3760,6.266667,20,0.033333,1319587,10501,854,480,0,0,0,0,yuv420p,N/A,P,0,0,0,0,tv,bt709,bt709,bt709,left
frame,video,0,0,3780,6.300000,3780,6.300000,3780,6.300000,20,0.033333,1373704,2383,854,480,0,0,0,0,yuv420p,N/A,B,0,0,0,0,tv,bt709,bt709,bt709,left
frame,video,0,0,3800,6.333333,3800,6.333333,3800,6.333333,20,0.033333,1362431,11273,854,480,0,0,0,0,yuv420p,N/A,B,0,0,0,0,tv,bt709,bt709,bt709,left
frame,video,0,0,3820,6.366667,3820,6.366667,3820,6.366667,20,0.033333,1376087,1959,854,480,0,0,0,0,yuv420p,N/A,B,0,0,0,0,tv,bt709,bt709,bt709,left
frame,video,0,0,3840,6.400000,3840,6.400000,3840,6.400000,20,0.033333,1339090,23341,854,480,0,0,0,0,yuv420p,N/A,P,0,0,0,0,tv,bt709,bt709,bt709,left
frame,video,0,0,3860,6.433333,3860,6.433333,3860,6.433333,20,0.033333,1473190,516,854,480,0,0,0,0,yuv420p,N/A,B,0,0,0,0,tv,bt709,bt709,bt709,left
frame,video,0,0,3880,6.466667,3880,6.466667,3880,6.466667,20,0.033333,1455034,8649,854,480,0,0,0,0,yuv420p,N/A,B,0,0,0,0,tv,bt709,bt709,bt709,left
frame,video,0,0,3900,6.500000,3900,6.500000,3900,6.500000,20,0.033333,1473706,2367,854,480,0,0,0,0,yuv420p,N/A,B,0,0,0,0,tv,bt709,bt709,bt709,left
frame,video,0,1,3920,6.533333,3920,6.533333,3920,6.533333,20,0.033333,1378046,76988,854,480,0,0,0,0,yuv420p,N/A,I,0,0,0,0,tv,bt709,bt709,bt709,left
frame,video,0,0,3940,6.566667,3940,6.566667,3940,6.566667,20,0.033333,1535484,331,854,480,0,0,0,0,yuv420p,N/A,B,0,0,0,0,tv,bt709,bt709,bt709,left
frame,video,0,0,3960,6.600000,3960,6.600000,3960,6.600000,20,0.033333,1516367,19117,854,480,0,0,0,0,yuv420p,N/A,B,0,0,0,0,tv,bt709,bt709,bt709,left
frame,video,0,0,3980,6.633333,3980,6.633333,3980,6.633333,20,0.033333,1535815,6446,854,480,0,0,0,0,yuv420p,N/A,B,0,0,0,0,tv,bt709,bt709,bt709,left
frame,video,0,0,4000,6.666667,4000,6.666667,4000,6.666667,20,0.033333,1476073,40294,854,480,0,0,0,0,yuv420p,N/A,P,0,0,0,0,tv,bt709,bt709,bt709,left
frame,video,0,0,4020,6.700000,4020,6.700000,4020,6.700000,20,0.033333,1594416,5215,854,480,0,0,0,0,yuv420p,N/A,B,0,0,0,0,tv,bt709,bt709,bt709,left
frame,video,0,0,4040,6.733333,4040,6.733333,4040,6.733333,20,0.033333,1582181,12235,854,480,0,0,0,0,yuv420p,N/A,B,0,0,0,0,tv,bt709,bt709,bt709,left
frame,video,0,0,4060,6.766667,4060,6.766667,4060,6.766667,20,0.033333,1599631,326,854,480,0,0,0,0,yuv420p,N/A,B,0,0,0,0,tv,bt709,bt709,bt709,left
frame,video,0,0,4080,6.800000,4080,6.800000,4080,6.800000,20,0.033333,1542261,39920,854,480,0,0,0,0,yuv420p,N/A,P,0,0,0,0,tv,bt709,bt709,bt709,left
frame,video,0,0,4100,6.833333,4100,6.833333,4100,6.833333,20,0.033333,1646074,7935,854,480,0,0,0,0,yuv420p,N/A,B,0,0,0,0,tv,bt709,bt709,bt709,left
frame,video,0,0,4120,6.866667,4120,6.866667,4120,6.866667,20,0.033333,1630762,15312,854,480,0,0,0,0,yuv420p,N/A,B,0,0,0,0,tv,bt709,bt709,bt709,left
frame,video,0,0,4140,6.900000,4140,6.900000,4140,6.900000,20,0.033333,1654009,419,854,480,0,0,0,0,yuv420p,N/A,B,0,0,0,0,tv,bt709,bt709,bt709,left
frame,video,0,0,4160,6.933333,4160,6.933333,4160,6.933333,20,0.033333,1599957,30805,854,480,0,0,0,0,yuv420p,N/A,P,0,0,0,0,tv,bt709,bt709,bt709,left
frame,video,0,0,4180,6.966667,4180,6.966667,4180,6.966667,20,0.033333,1724515,5502,854,480,0,0,0,0,yuv420p,N/A,B,0,0,0,0,tv,bt709,bt709,bt709,left
frame,video,0,0,4200,7.000000,4200,7.000000,4200,7.000000,20,0.033333,1707425,17090,854,480,0,0,0,0,yuv420p,N/A,B,0,0,0,0,tv,bt709,bt709,bt709,left
frame,video,0,0,4220,7.033333,4220,7.033333,4220,7.033333,20,0.033333,1730017,6193,854,480,0,0,0,0,yuv420p,N/A,B,0,0,0,0,tv,bt709,bt709,bt709,left
frame,video,0,0,4240,7.066667,4240,7.066667,4240,7.066667,20,0.033333,1654428,45764,854,480,0,0,0,0,yuv420p,N/A,P,0,0,0,0,tv,bt709,bt709,bt709,left
frame,video,0,0,4260,7.100000,4260,7.100000,4260,7.100000,20,0.033333,1753148,351,854,480,0,0,0,0,yuv420p,N/A,B,0,0,0,0,tv,bt709,bt709,bt709,left
frame,video,0,0,4280,7.133333,4280,7.133333,4280,7.133333,20,0.033333,1748897,4251,854,480,0,0,0,0,yuv420p,N/A,B,0,0,0,0,tv,bt709,bt709,bt709,left
frame,video,0,0,4300,7.166667,4300,7.166667,4300,7.166667,20,0.033333,1753499,1323,854,480,0,0,0,0,yuv420p,N/A,B,0,0,0,0,tv,bt709,bt709,bt709,left
frame,video,0,0,4320,7.200000,4320,7.200000,4320,7.200000,20,0.033333,1736210,12687,854,480,0,0,0,0,yuv420p,N/A,P,0,0,0,0,tv,bt709,bt709,bt709,left
frame,video,0,0,4340,7.233333,4340,7.233333,4340,7.233333,20,0.033333,1780994,238,854,480,0,0,0,0,yuv420p,N/A,B,0,0,0,0,tv,bt709,bt709,bt709,left
frame,video,0,0,4360,7.266667,4360,7.266667,4360,7.266667,20,0.033333,1775053,5941,854,480,0,0,0,0,yuv420p,N/A,B,0,0,0,0,tv,bt709,bt709,bt709,left
frame,video,0,0,4380,7.300000,4380,7.300000,4380,7.300000,20,0.033333,1781232,1087,854,480,0,0,0,0,yuv420p,N/A,B,0,0,0,0,tv,bt709,bt709,bt709,left
frame,video,0,0,4400,7.333333,4400,7.333333,4400,7.333333,20,0.033333,1754822,20231,854,480,0,0,0,0,yuv420p,N/A,P,0,0,0,0,tv,bt709,bt709,bt709,left
frame,video,0,0,4420,7.366667,4420,7.366667,4420,7.366667,20,0.033333,1859915,1288,854,480,0,0,0,0,yuv420p,N/A,B,0,0,0,0,tv,bt709,bt709,bt709,left
frame,video,0,0,4440,7.400000,4440,7.400000,4440,7.400000,20,0.033333,1857800,2115,854,480,0,0,0,0,yuv420p,N/A,B,0,0,0,0,tv,bt709,bt709,bt709,left
frame,video,0,0,4460,7.433333,4460,7.433333,4460,7.433333,20,0.033333,1861203,230,854,480,0,0,0,0,yuv420p,N/A,B,0,0,0,0,tv,bt709,bt709,bt709,left
frame,video,0,1,4480,7.466667,4480,7.466667,4480,7.466667,20,0.033333,1782319,75481,854,480,0,0,0,0,yuv420p,N/A,I,0,0,0,0,tv,bt709,bt709,bt709,left
frame,video,0,0,4500,7.500000,4500,7.500000,4500,7.500000,20,0.033333,1897384,1320,854,480,0,0,0,0,yuv420p,N/A,B,0,0,0,0,tv,bt709,bt709,bt709,left
frame,video,0,0,4520,7.533333,4520,7.533333,4520,7.533333,20,0.033333,1893940,3444,854,480,0,0,0,0,yuv420p,N/A,B,0,0,0,0,tv,bt709,bt709,bt709,left
frame,video,0,0,4540,7.566667,4540,7.566667,4540,7.566667,20,0.033333,1898704,683,854,480,0,0,0,0,yuv420p,N/A,B,0,0,0,0,tv,bt709,bt709,bt709,left
frame,video,0,0,4560,7.600000,4560,7.600000,4560,7.600000,20,0.033333,1869885,24055,854,480,0,0,0,0,yuv420p,N/A,P,0,0,0,0,tv,bt709,bt709,bt709,left
frame,video,0,0,4580,7.633333,4580,7.633333,4580,7.633333,20,0.033333,1910895,1182,854,480,0,0,0,0,yuv420p,N/A,B,0,0,0,0,tv,bt709,bt709,bt709,left
frame,video,0,0,4600,7.666667,4600,7.666667,4600,7.666667,20,0.033333,1907867,3028,854,480,0,0,0,0,yuv420p,N/A,B,0,0,0,0,tv,bt709,bt709,bt709,left
frame,video,0,0,4620,7.700000,4620,7.700000,4620,7.700000,20,0.033333,1912077,1442,854,480,0,0,0,0,yuv420p,N/A,B,0,0,0,0,tv,bt709,bt709,bt709,left
frame,video,0,0,4640,7.733333,4640,7.733333,4640,7.733333,20,0.033333,1899387,8480,854,480,0,0,0,0,yuv420p,N/A,P,0,0,0,0,tv,bt709,bt709,bt709,left
frame,video,0,0,4660,7.766667,4660,7.766667,4660,7.766667,20,0.033333,1926453,288,854,480,0,0,0,0,yuv420p,N/A,B,0,0,0,0,tv,bt709,bt709,bt709,left
frame,video,0,0,4680,7.800000,4680,7.800000,4680,7.800000,20,0.033333,1922402,4051,854,480,0,0,0,0,yuv420p,N/A,B,0,0,0,0,tv,bt709,bt709,bt709,left
frame,video,0,0,4700,7.833333,4700,7.833333,4700,7.833333,20,0.033333,1926741,1371,854,480,0,0,0,0,yuv420p,N/A,B,0,0,0,0,tv,bt709,bt709,bt709,left
frame,video,0,0,4720,7.866667,4720,7.866667,4720,7.866667,20,0.033333,1913519,8883,854,480,0,0,0,0,yuv420p,N/A,P,0,0,0,0,tv,bt709,bt709,bt709,left
frame,video,0,0,4740,7.900000,4740,7.900000,4740,7.900000,20,0.033333,1979783,353,854,480,0,0,0,0,yuv420p,N/A,B,0,0,0,0,tv,bt709,bt709,bt709,left
frame,video,0,0,4760,7.933333,4760,7.933333,4760,7.933333,20,0.033333,1971029,8754,854,480,0,0,0,0,yuv420p,N/A,B,0,0,0,0,tv,bt709,bt709,bt709,left
frame,video,0,0,4780,7.966667,4780,7.966667,4780,7.966667,20,0.033333,1988361,1390,854,480,0,0,0,0,yuv420p,N/A,B,0,0,0,0,tv,bt709,bt709,bt709,left
frame,video,0,0,4800,8.000000,4800,8.000000,4800,8.000000,20,0.033333,1928112,42917,854,480,0,0,0,0,yuv420p,N/A,P,0,0,0,0,tv,bt709,bt709,bt709,left
frame,video,0,0,4820,8.033333,4820,8.033333,4820,8.033333,20,0.033333,2021180,4639,854,480,0,0,0,0,yuv420p,N/A,B,0,0,0,0,tv,bt709,bt709,bt709,left
frame,video,0,0,4840,8.066667,4840,8.066667,4840,8.066667,20,0.033333,2016155,5025,854,480,0,0,0,0,yuv420p,N/A,B,0,0,0,0,tv,bt709,bt709,bt709,left
frame,video,0,0,4860,8.100000,4860,8.100000,4860,8.100000,20,0.033333,2025819,209,854,480,0,0,0,0,yuv420p,N/A,B,0,0,0,0,tv,bt709,bt709,bt709,left
frame,video,0,0,4880,8.133333,4880,8.133333,4880,8.133333,20,0.033333,1989751,26404,854,480,0,0,0,0,yuv420p,N/A,P,0,0,0,0,tv,bt709,bt709,bt709,left
frame,video,0,0,4900,8.166667,4900,8.166667,4900,8.166667,20,0.033333,2043859,1069,854,480,0,0,0,0,yuv420p,N/A,B,0,0,0,0,tv,bt709,bt709,bt709,left
frame,video,0,0,4920,8.200000,4920,8.200000,4920,8.200000,20,0.033333,2041267,2592,854,480,0,0,0,0,yuv420p,N/A,B,0,0,0,0,tv,bt709,bt709,bt709,left
frame,video,0,0,4940,8.233333,4940,8.233333,4940,8.233333,20,0.033333,2044928,330,854,480,0,0,0,0,yuv420p,N/A,B,0,0,0,0,tv,bt709,bt709,bt709,left
frame,video,0,0,4960,8.266667,4960,8.266667,4960,8.266667,20,0.033333,2026028,15239,854,480,0,0,0,0,yuv420p,N/A,P,0,0,0,0,tv,bt709,bt709,bt709,left
frame,video,0,0,4980,8.300000,4980,8.300000,4980,8.300000,20,0.033333,2133750,889,854,480,0,0,0,0,yuv420p,N/A,B,0,0,0,0,tv,bt709,bt709,bt709,left
frame,video,0,0,5000,8.333333,5000,8.333333,5000,8.333333,20,0.033333,2131069,2681,854,480,0,0,0,0,yuv420p,N/A,B,0,0,0,0,tv,bt709,bt709,bt709,left
frame,video,0,0,5020,8.366667,5020,8.366667,5020,8.366667,20,0.033333,2134639,941,854,480,0,0,0,0,yuv420p,N/A,B,0,0,0,0,tv,bt709,bt709,bt709,left
frame,video,0,1,5040,8.400000,5040,8.400000,5040,8.400000,20,0.033333,2045258,85811,854,480,0,0,0,0,yuv420p,N/A,I,0,0,0,0,tv,bt709,bt709,bt709,left
frame,video,0,0,5060,8.433333,5060,8.433333,5060,8.433333,20,0.033333,2149447,237,854,480,0,0,0,0,yuv420p,N/A,B,0,0,0,0,tv,bt709,bt709,bt709,left
frame,video,0,0,5080,8.466667,5080,8.466667,5080,8.466667,20,0.033333,2146062,3385,854,480,0,0,0,0,yuv420p,N/A,B,0,0,0,0,tv,bt709,bt709,bt709,left
frame,video,0,0,5100,8.500000,5100,8.500000,5100,8.500000,20,0.033333,2149684,975,854,480,0,0,0,0,yuv420p,N/A,B,0,0,0,0,tv,bt709,bt709,bt709,left
frame,video,0,0,5120,8.533333,5120,8.533333,5120,8.533333,20,0.033333,2135580,10482,854,480,0,0,0,0,yuv420p,N/A,P,0,0,0,0,tv,bt709,bt709,bt709,left
frame,video,0,0,5140,8.566667,5140,8.566667,5140,8.566667,20,0.033333,2175200,474,854,480,0,0,0,0,yuv420p,N/A,B,0,0,0,0,tv,bt709,bt709,bt709,left
frame,video,0,0,5160,8.600000,5160,8.600000,5160,8.600000,20,0.033333,2172111,3089,854,480,0,0,0,0,yuv420p,N/A,B,0,0,0,0,tv,bt709,bt709,bt709,left
frame,video,0,0,5180,8.633333,5180,8.633333,5180,8.633333,20,0.033333,2175674,1153,854,480,0,0,0,0,yuv420p,N/A,B,0,0,0,0,tv,bt709,bt709,bt709,left
frame,video,0,0,5200,8.666667,5200,8.666667,5200,8.666667,20,0.033333,2150659,21452,854,480,0,0,0,0,yuv420p,N/A,P,0,0,0,0,tv,bt709,bt709,bt709,left
frame,video,0,0,5220,8.700000,5220,8.700000,5220,8.700000,20,0.033333,2192167,1139,854,480,0,0,0,0,yuv420p,N/A,B,0,0,0,0,tv,bt709,bt709,bt709,left
frame,video,0,0,5240,8.733333,5240,8.733333,5240,8.733333,20,0.033333,2187614,4553,854,480,0,0,0,0,yuv420p,N/A,B,0,0,0,0,tv,bt709,bt709,bt709,left
frame,video,0,0,5260,8.766667,5260,8.766667,5260,8.766667,20,0.033333,2193306,411,854,480,0,0,0,0,yuv420p,N/A,B,0,0,0,0,tv,bt709,bt709,bt709,left
frame,video,0,0,5280,8.800000,5280,8.800000,5280,8.800000,20,0.033333,2176827,10787,854,480,0,0,0,0,yuv420p,N/A,P,0,0,0,0,tv,bt709,bt709,bt709,left
frame,video,0,0,5300,8.833333,5300,8.833333,5300,8.833333,20,0.033333,2227055,1596,854,480,0,0,0,0,yuv420p,N/A,B,0,0,0,0,tv,bt709,bt709,bt709,left
frame,video,0,0,5320,8.866667,5320,8.866667,5320,8.866667,20,0.033333,2214874,12181,854,480,0,0,0,0,yuv420p,N/A,B,0,0,0,0,tv,bt709,bt709,bt709,left
frame,video,0,0,5340,8.900000,5340,8.900000,5340,8.900000,20,0.033333,2228651,881,854,480,0,0,0,0,yuv420p,N/A,B,0,0,0,0,tv,bt709,bt709,bt709,left
frame,video,0,0,5360,8.933333,5360,8.933333,5360,8.933333,20,0.033333,2193717,21157,854,480,0,0,0,0,yuv420p,N/A,P,0,0,0,0,tv,bt709,bt709,bt709,left
frame,video,0,0,5380,8.966667,5380,8.966667,5380,8.966667,20,0.033333,2298017,1405,854,480,0,0,0,0,yuv420p,N/A,B,0,0,0,0,tv,bt709,bt709,bt709,left
frame,video,0,0,5400,9.000000,5400,9.000000,5400,9.000000,20,0.033333,2268004,30013,854,480,0,0,0,0,yuv420p,N/A,B,0,0,0,0,tv,bt709,bt709,bt709,left
frame,video,0,0,5420,9.033333,5420,9.033333,5420,9.033333,20,0.033333,2299422,4992,854,480,0,0,0,0,yuv420p,N/A,B,0,0,0,0,tv,bt709,bt709,bt709,left
frame,video,0,0,5440,9.066667,5440,9.066667,5440,9.066667,20,0.033333,2229532,38472,854,480,0,0,0,0,yuv420p,N/A,P,0,0,0,0,tv,bt709,bt709,bt709,left
frame,video,0,0,5460,9.100000,5460,9.100000,5460,9.100000,20,0.033333,2322299,1103,854,480,0,0,0,0,yuv420p,N/A,B,0,0,0,0,tv,bt709,bt709,bt709,left
frame,video,0,0,5480,9.133333,5480,9.133333,5480,9.133333,20,0.033333,2316713,5586,854,480,0,0,0,0,yuv420p,N/A,B,0,0,0,0,tv,bt709,bt709,bt709,left
frame,video,0,0,5500,9.166667,5500,9.166667,5500,9.166667,20,0.033333,2323402,5801,854,480,0,0,0,0,yuv420p,N/A,B,0,0,0,0,tv,bt709,bt709,bt709,left
frame,video,0,0,5520,9.200000,5520,9.200000,5520,9.200000,20,0.033333,2304414,12299,854,480,0,0,0,0,yuv420p,N/A,P,0,0,0,0,tv,bt709,bt709,bt709,left
frame,video,0,0,5540,9.233333,5540,9.233333,5540,9.233333,20,0.033333,2368397,206,854,480,0,0,0,0,yuv420p,N/A,B,0,0,0,0,tv,bt709,bt709,bt709,left
frame,video,0,0,5560,9.266667,5560,9.266667,5560,9.266667,20,0.033333,2364282,4115,854,480,0,0,0,0,yuv420p,N/A,B,0,0,0,0,tv,bt709,bt709,bt709,left
frame,video,0,0,5580,9.300000,5580,9.300000,5580,9.300000,20,0.033333,2368603,2032,854,480,0,0,0,0,yuv420p,N/A,B,0,0,0,0,tv,bt709,bt709,bt709,left
frame,video,0,1,5600,9.333333,5600,9.333333,5600,9.333333,20,0.033333,2329203,35079,854,480,0,0,0,0,yuv420p,N/A,I,0,0,0,0,tv,bt709,bt709,bt709,left
frame,video,0,0,5620,9.366667,5620,9.366667,5620,9.366667,20,0.033333,2391643,3097,854,480,0,0,0,0,yuv420p,N/A,B,0,0,0,0,tv,bt709,bt709,bt709,left
frame,video,0,0,5640,9.400000,5640,9.400000,5640,9.400000,20,0.033333,2384580,7063,854,480,0,0,0,0,yuv420p,N/A,B,0,0,0,0,tv,bt709,bt709,bt709,left
frame,video,0,0,5660,9.433333,5660,9.433333,5660,9.433333,20,0.033333,2394740,409,854,480,0,0,0,0,yuv420p,N/A,B,0,0,0,0,tv,bt709,bt709,bt709,left
frame,video,0,0,5680,9.466667,5680,9.466667,5680,9.466667,20,0.033333,2370635,13945,854,480,0,0,0,0,yuv420p,N/A,P,0,0,0,0,tv,bt709,bt709,bt709,left
frame,video,0,0,5700,9.500000,5700,9.500000,5700,9.500000,20,0.033333,2435026,4806,854,480,0,0,0,0,yuv420p,N/A,B,0,0,0,0,tv,bt709,bt709,bt709,left
frame,video,0,0,5720,9.533333,5720,9.533333,5720,9.533333,20,0.033333,2423901,11125,854,480,0,0,0,0,yuv420p,N/A,B,0,0,0,0,tv,bt709,bt709,bt709,left
frame,video,0,0,5740,9.566667,5740,9.566667,5740,9.566667,20,0.033333,2439832,953,854,480,0,0,0,0,yuv420p,N/A,B,0,0,0,0,tv,bt709,bt709,bt709,left
frame,video,0,0,5760,9.600000,5760,9.600000,5760,9.600000,20,0.033333,2395149,28752,854,480,0,0,0,0,yuv420p,N/A,P,0,0,0,0,tv,bt709,bt709,bt709,left
frame,video,0,0,5780,9.633333,5780,9.633333,5780,9.633333,20,0.033333,2474358,4430,854,480,0,0,0,0,yuv420p,N/A,B,0,0,0,0,tv,bt709,bt709,bt709,left
frame,video,0,0,5800,9.666667,5800,9.666667,5800,9.666667,20,0.033333,2459724,14634,854,480,0,0,0,0,yuv420p,N/A,B,0,0,0,0,tv,bt709,bt709,bt709,left
frame,video,0,0,5820,9.700000,5820,9.700000,5820,9.700000,20,0.033333,2478788,5015,854,480,0,0,0,0,yuv420p,N/A,B,0,0,0,0,tv,bt709,bt709,bt709,left
frame,video,0,0,5840,9.733333,5840,9.733333,5840,9.733333,20,0.033333,2440785,18939,854,480,0,0,0,0,yuv420p,N/A,P,0,0,0,0,tv,bt709,bt709,bt709,left
frame,video,0,0,5860,9.766667,5860,9.766667,5860,9.766667,20,0.033333,2516941,1007,854,480,0,0,0,0,yuv420p,N/A,B,0,0,0,0,tv,bt709,bt709,bt709,left
frame,video,0,0,5880,9.800000,5880,9.800000,5880,9.800000,20,0.033333,2503914,13027,854,480,0,0,0,0,yuv420p,N/A,B,0,0,0,0,tv,bt709,bt709,bt709,left
frame,video,0,0,5900,9.833333,5900,9.833333,5900,9.833333,20,0.033333,2517948,3909,854,480,0,0,0,0,yuv420p,N/A,B,0,0,0,0,tv,bt709,bt709,bt709,left
frame,video,0,0,5920,9.866667,5920,9.866667,5920,9.866667,20,0.033333,2483803,20111,854,480,0,0,0,0,yuv420p,N/A,P,0,0,0,0,tv,bt709,bt709,bt709,left
frame,video,0,0,5940,9.900000,5940,9.900000,5940,9.900000,20,0.033333,2549587,765,854,480,0,0,0,0,yuv420p,N/A,B,0,0,0,0,tv,bt709,bt709,bt709,left
frame,video,0,0,5960,9.933333,N/A,N/A,5960,9.933333,20,0.033333,2536971,12616,854,480,0,0,0,0,yuv420p,N/A,B,0,0,0,0,tv,bt709,bt709,bt709,left
frame,video,0,0,5980,9.966667,N/A,N/A,5980,9.966667,20,0.033333,2521857,15114,854,480,0,0,0,0,yuv420p,N/A,P,0,0,0,0,tv,bt709,bt709,bt709,left
